43a8440075fc4467ba85c4026f6e0f55.JPG,404,1691,427,1703,animals
43a8440075fc4467ba85c4026f6e0f55.JPG,167,307,229,370,animals
1b5293f25455413eaab3c17818b2902e.JPG,2255,1859,2309,1897,animals
1b5293f25455413eaab3c17818b2902e.JPG,1499,2117,1539,2158,animals
38bec01a46e14b16b166e3a64da9e7ca.JPG,2008,761,2099,820,animals
26ec1aad6a5248bd9778ff266e6c582e.JPG,2130,742,2231,799,animals
26ec1aad6a5248bd9778ff266e6c582e.JPG,1185,450,1264,486,animals
26ec1aad6a5248bd9778ff266e6c582e.JPG,1141,311,1221,347,animals
26ec1aad6a5248bd9778ff266e6c582e.JPG,1103,386,1183,417,animals
26ec1aad6a5248bd9778ff266e6c582e.JPG,1166,369,1251,401,animals
26ec1aad6a5248bd9778ff266e6c582e.JPG,738,488,828,521,animals
26ec1aad6a5248bd9778ff266e6c582e.JPG,345,249,432,285,animals
26ec1aad6a5248bd9778ff266e6c582e.JPG,819,375,910,409,animals
26ec1aad6a5248bd9778ff266e6c582e.JPG,1178,299,1261,336,animals
26ec1aad6a5248bd9778ff266e6c582e.JPG,1051,450,1141,483,animals
26ec1aad6a5248bd9778ff266e6c582e.JPG,1137,410,1226,446,animals
26ec1aad6a5248bd9778ff266e6c582e.JPG,1200,393,1282,428,animals
26ec1aad6a5248bd9778ff266e6c582e.JPG,417,375,502,410,animals
26ec1aad6a5248bd9778ff266e6c582e.JPG,492,294,575,333,animals
26ec1aad6a5248bd9778ff266e6c582e.JPG,1260,453,1345,494,animals
4274bc848bf54df09a5e590de5b3e81c.JPG,3052,2859,3095,2879,animals
271cf8c37d1d4fa1a1bf5c77015d8664.JPG,2531,2813,2638,2870,animals
271cf8c37d1d4fa1a1bf5c77015d8664.JPG,3260,2351,3355,2408,animals
271cf8c37d1d4fa1a1bf5c77015d8664.JPG,626,2088,650,2115,animals
271cf8c37d1d4fa1a1bf5c77015d8664.JPG,3521,159,3597,204,animals
d4afd8fa451b4d85b9b06e62ee4981e3.JPG,1379,272,1393,302,animals
d4afd8fa451b4d85b9b06e62ee4981e3.JPG,523,1138,587,1163,animals
d4afd8fa451b4d85b9b06e62ee4981e3.JPG,1373,296,1389,326,animals
114da205132446678ff1e65bebeeec4b.JPG,1874,1770,1914,1824,animals
40d126cfdc4f41afbd1653066e93ffd2.JPG,1061,2116,1147,2145,animals
40d126cfdc4f41afbd1653066e93ffd2.JPG,829,2459,920,2490,animals
d59e620ab40946878814fa92469cb4f3.JPG,3848,1925,3908,1960,animals
c3edb38f23374ab493bb01b502a88f14.JPG,1346,2594,1394,2619,animals
c3edb38f23374ab493bb01b502a88f14.JPG,227,904,255,940,animals
c3edb38f23374ab493bb01b502a88f14.JPG,597,556,629,585,animals
c3edb38f23374ab493bb01b502a88f14.JPG,374,822,407,846,animals
bf87a39d41124375a7898b159871579f.JPG,2750,766,2780,791,animals
174813e2d6a6486b823fe99437a8e7d9.JPG,3116,765,3177,806,animals
174813e2d6a6486b823fe99437a8e7d9.JPG,127,1164,164,1225,animals
990b74134f7c492e8e4b30aee2409f0b.JPG,598,2194,633,2234,animals
990b74134f7c492e8e4b30aee2409f0b.JPG,561,2308,597,2343,animals
46acdbde02c646eebd7807bf7b4bf840.JPG,2872,1630,2900,1658,animals
46acdbde02c646eebd7807bf7b4bf840.JPG,2164,1942,2211,1957,animals
46acdbde02c646eebd7807bf7b4bf840.JPG,1672,1707,1707,1723,animals
46acdbde02c646eebd7807bf7b4bf840.JPG,1749,1775,1792,1800,animals
46acdbde02c646eebd7807bf7b4bf840.JPG,735,611,781,635,animals
46acdbde02c646eebd7807bf7b4bf840.JPG,4,585,42,616,animals
46acdbde02c646eebd7807bf7b4bf840.JPG,982,647,1028,681,animals
2bbbd9ca35634d29859f4c312a79eee0.JPG,3514,982,3554,1031,animals
2bbbd9ca35634d29859f4c312a79eee0.JPG,2485,374,2531,421,animals
d782daf5ca4d4247aec8738cd9df087e.JPG,418,1929,468,1967,animals
d782daf5ca4d4247aec8738cd9df087e.JPG,8,1860,55,1898,animals
34ade2302bb048c0a297ffe34c6fcc15.JPG,44,1710,60,1726,animals
34ade2302bb048c0a297ffe34c6fcc15.JPG,118,1742,138,1756,animals
34ade2302bb048c0a297ffe34c6fcc15.JPG,64,1783,77,1796,animals
e29819af6a3b46428f9292a38fa3b2ae.JPG,3409,2240,3758,2418,animals
e29819af6a3b46428f9292a38fa3b2ae.JPG,2956,1990,3361,2200,animals
e29819af6a3b46428f9292a38fa3b2ae.JPG,2881,2435,3348,2619,animals
e29819af6a3b46428f9292a38fa3b2ae.JPG,2066,1741,2487,1996,animals
e29819af6a3b46428f9292a38fa3b2ae.JPG,289,2311,355,2343,animals
b15642cf27014ca99dedaa5b60e9facc.JPG,3812,998,3852,1053,animals
b15642cf27014ca99dedaa5b60e9facc.JPG,3502,71,3535,111,animals
b15642cf27014ca99dedaa5b60e9facc.JPG,3953,1016,3989,1056,animals
b15642cf27014ca99dedaa5b60e9facc.JPG,2864,165,2895,221,animals
b15642cf27014ca99dedaa5b60e9facc.JPG,3754,1009,3789,1057,animals
b15642cf27014ca99dedaa5b60e9facc.JPG,2719,560,2745,600,animals
b15642cf27014ca99dedaa5b60e9facc.JPG,3049,988,3077,1028,animals
b15642cf27014ca99dedaa5b60e9facc.JPG,2598,119,2634,172,animals
b15642cf27014ca99dedaa5b60e9facc.JPG,3700,481,3736,531,animals
b15642cf27014ca99dedaa5b60e9facc.JPG,3820,914,3843,949,animals
b15642cf27014ca99dedaa5b60e9facc.JPG,3480,221,3498,261,animals
b15642cf27014ca99dedaa5b60e9facc.JPG,3896,961,3919,1001,animals
b15642cf27014ca99dedaa5b60e9facc.JPG,2808,140,2833,188,animals
b15642cf27014ca99dedaa5b60e9facc.JPG,3822,1062,3857,1108,animals
b15642cf27014ca99dedaa5b60e9facc.JPG,2573,649,2601,690,animals
b15642cf27014ca99dedaa5b60e9facc.JPG,3057,1186,3092,1234,animals
b15642cf27014ca99dedaa5b60e9facc.JPG,2651,243,2687,288,animals
b15642cf27014ca99dedaa5b60e9facc.JPG,3358,469,3394,519,animals
b15642cf27014ca99dedaa5b60e9facc.JPG,3513,459,3539,494,animals
b15642cf27014ca99dedaa5b60e9facc.JPG,3844,973,3884,1013,animals
b15642cf27014ca99dedaa5b60e9facc.JPG,2763,86,2783,134,animals
b15642cf27014ca99dedaa5b60e9facc.JPG,3887,1032,3915,1073,animals
b15642cf27014ca99dedaa5b60e9facc.JPG,2935,380,2975,421,animals
b15642cf27014ca99dedaa5b60e9facc.JPG,3130,1178,3151,1233,animals
b15642cf27014ca99dedaa5b60e9facc.JPG,2691,522,2734,565,animals
b15642cf27014ca99dedaa5b60e9facc.JPG,3368,573,3403,616,animals
fed44fad88514456829cafce6e08ce56.JPG,829,2341,900,2381,animals
e325ceb451924acfb4562e93228edaeb.JPG,735,2637,770,2662,animals
e325ceb451924acfb4562e93228edaeb.JPG,1186,2632,1238,2661,animals
db550c0cd21241dbacaf1f073f9af62d.JPG,3607,2587,3631,2614,animals
bea6cdbd3a1a425fa93f1f5cafcc10fe.JPG,2345,2292,2446,2343,animals
bea6cdbd3a1a425fa93f1f5cafcc10fe.JPG,1319,1903,1422,1941,animals
bea6cdbd3a1a425fa93f1f5cafcc10fe.JPG,1257,1778,1345,1818,animals
bea6cdbd3a1a425fa93f1f5cafcc10fe.JPG,1271,1853,1360,1890,animals
bea6cdbd3a1a425fa93f1f5cafcc10fe.JPG,1161,1945,1265,1985,animals
bea6cdbd3a1a425fa93f1f5cafcc10fe.JPG,905,1865,1012,1898,animals
bea6cdbd3a1a425fa93f1f5cafcc10fe.JPG,566,1770,650,1805,animals
bea6cdbd3a1a425fa93f1f5cafcc10fe.JPG,1292,1961,1392,1989,animals
bea6cdbd3a1a425fa93f1f5cafcc10fe.JPG,1252,1912,1347,1949,animals
bea6cdbd3a1a425fa93f1f5cafcc10fe.JPG,1298,1787,1400,1831,animals
bea6cdbd3a1a425fa93f1f5cafcc10fe.JPG,1191,1897,1279,1935,animals
bea6cdbd3a1a425fa93f1f5cafcc10fe.JPG,469,1829,592,1868,animals
bea6cdbd3a1a425fa93f1f5cafcc10fe.JPG,388,1711,489,1741,animals
bea6cdbd3a1a425fa93f1f5cafcc10fe.JPG,1390,1956,1506,1996,animals
bea6cdbd3a1a425fa93f1f5cafcc10fe.JPG,827,1984,921,2017,animals
bea6cdbd3a1a425fa93f1f5cafcc10fe.JPG,1380,722,1423,769,animals
bdc8a28620054be7b3da332c6302ff0c.JPG,3398,2794,3446,2865,animals
bdc8a28620054be7b3da332c6302ff0c.JPG,2541,1885,2616,1939,animals
bdc8a28620054be7b3da332c6302ff0c.JPG,3143,1503,3199,1543,animals
bdc8a28620054be7b3da332c6302ff0c.JPG,3013,1315,3077,1390,animals
bdc8a28620054be7b3da332c6302ff0c.JPG,3754,81,3820,122,animals
d537365cd2c34947a0fc195c24788fdd.JPG,3340,2295,3366,2331,animals
d537365cd2c34947a0fc195c24788fdd.JPG,2909,2764,2941,2830,animals
d537365cd2c34947a0fc195c24788fdd.JPG,1840,2323,1889,2384,animals
c73e60acdd924a71a0d757bc61a9f641.JPG,2042,1965,2078,1991,animals
c73e60acdd924a71a0d757bc61a9f641.JPG,2153,1919,2184,1956,animals
c21824383e19441ba0456a4d68a9c7f9.JPG,244,2501,296,2545,animals
bdfb5aa10c3f4bc384e3c885c3007e8f.JPG,2625,1734,2656,1761,animals
bdfb5aa10c3f4bc384e3c885c3007e8f.JPG,139,2184,172,2216,animals
bdfb5aa10c3f4bc384e3c885c3007e8f.JPG,655,2412,720,2480,animals
dce5035284ee47ea8bfb11006c6b5eaf.JPG,111,2541,178,2589,animals
dce5035284ee47ea8bfb11006c6b5eaf.JPG,518,2947,571,2984,animals
dce5035284ee47ea8bfb11006c6b5eaf.JPG,656,2205,693,2245,animals
dce5035284ee47ea8bfb11006c6b5eaf.JPG,762,2961,797,2998,animals
dce5035284ee47ea8bfb11006c6b5eaf.JPG,687,2900,725,2946,animals
dce5035284ee47ea8bfb11006c6b5eaf.JPG,794,2918,852,2950,animals
2ed71503512c4412867214f6795f2156.JPG,113,2744,154,2769,animals
2ed71503512c4412867214f6795f2156.JPG,64,2742,114,2784,animals
2ed71503512c4412867214f6795f2156.JPG,186,2714,219,2746,animals
2ed71503512c4412867214f6795f2156.JPG,233,2742,279,2783,animals
2ed71503512c4412867214f6795f2156.JPG,403,2411,427,2442,animals
2ed71503512c4412867214f6795f2156.JPG,194,2646,223,2680,animals
2ed71503512c4412867214f6795f2156.JPG,79,2037,121,2062,animals
2ed71503512c4412867214f6795f2156.JPG,58,2126,85,2153,animals
2ed71503512c4412867214f6795f2156.JPG,131,2758,175,2806,animals
2ed71503512c4412867214f6795f2156.JPG,30,2861,78,2899,animals
2ed71503512c4412867214f6795f2156.JPG,222,2671,247,2697,animals
2ed71503512c4412867214f6795f2156.JPG,97,2058,153,2086,animals
2ed71503512c4412867214f6795f2156.JPG,678,2540,707,2566,animals
3ed5dae418504c1488eab274caed9142.JPG,2214,1779,2277,1820,animals
3ed5dae418504c1488eab274caed9142.JPG,959,1701,1020,1738,animals
3ed5dae418504c1488eab274caed9142.JPG,1776,1501,1841,1531,animals
3ed5dae418504c1488eab274caed9142.JPG,1044,1638,1095,1665,animals
3ed5dae418504c1488eab274caed9142.JPG,1834,1502,1893,1531,animals
3ed5dae418504c1488eab274caed9142.JPG,2233,752,2288,788,animals
3ed5dae418504c1488eab274caed9142.JPG,2394,669,2448,707,animals
3ed5dae418504c1488eab274caed9142.JPG,2012,1061,2075,1105,animals
3ed5dae418504c1488eab274caed9142.JPG,2303,763,2354,810,animals
3ed5dae418504c1488eab274caed9142.JPG,2101,976,2170,1020,animals
3ed5dae418504c1488eab274caed9142.JPG,2430,540,2488,572,animals
3ed5dae418504c1488eab274caed9142.JPG,1953,849,1988,874,animals
3ed5dae418504c1488eab274caed9142.JPG,1638,1120,1682,1143,animals
3ed5dae418504c1488eab274caed9142.JPG,1902,850,1948,870,animals
0236bf6690654f9ab0e1ebae673ab6eb.JPG,3404,186,3467,217,animals
b6e2f65f80b54ec5adcad843bcfe47c1.JPG,63,1766,106,1787,animals
b6e2f65f80b54ec5adcad843bcfe47c1.JPG,111,1840,151,1868,animals
b6e2f65f80b54ec5adcad843bcfe47c1.JPG,78,1868,114,1888,animals
b6e2f65f80b54ec5adcad843bcfe47c1.JPG,1011,107,1033,153,animals
2fa06244b0a14dff99ea49eeb2ef7061.JPG,1151,2029,1224,2075,animals
2fa06244b0a14dff99ea49eeb2ef7061.JPG,1082,1535,1166,1570,animals
2fa06244b0a14dff99ea49eeb2ef7061.JPG,2935,939,3014,992,animals
2fa06244b0a14dff99ea49eeb2ef7061.JPG,1498,174,1563,220,animals
2fa06244b0a14dff99ea49eeb2ef7061.JPG,1519,197,1585,254,animals
2fa06244b0a14dff99ea49eeb2ef7061.JPG,1028,1002,1126,1079,animals
2fa06244b0a14dff99ea49eeb2ef7061.JPG,1513,92,1584,147,animals
931025a817dd4dc19ebae5f530be98ca.JPG,277,307,306,330,animals
931025a817dd4dc19ebae5f530be98ca.JPG,706,452,737,470,animals
931025a817dd4dc19ebae5f530be98ca.JPG,551,348,582,383,animals
931025a817dd4dc19ebae5f530be98ca.JPG,765,187,788,207,animals
931025a817dd4dc19ebae5f530be98ca.JPG,58,674,92,699,animals
931025a817dd4dc19ebae5f530be98ca.JPG,429,447,458,473,animals
931025a817dd4dc19ebae5f530be98ca.JPG,733,549,763,573,animals
931025a817dd4dc19ebae5f530be98ca.JPG,653,362,680,382,animals
931025a817dd4dc19ebae5f530be98ca.JPG,738,270,757,299,animals
931025a817dd4dc19ebae5f530be98ca.JPG,437,565,468,589,animals
931025a817dd4dc19ebae5f530be98ca.JPG,584,425,613,447,animals
931025a817dd4dc19ebae5f530be98ca.JPG,711,372,736,398,animals
931025a817dd4dc19ebae5f530be98ca.JPG,558,295,577,323,animals
acbbff7b49c94464932857c68b12cda8.JPG,1181,1859,1230,1910,animals
c5cf729862e948468d64a5421f6f34ad.JPG,2740,1602,2781,1650,animals
c5cf729862e948468d64a5421f6f34ad.JPG,2195,935,2245,959,animals
c5cf729862e948468d64a5421f6f34ad.JPG,2418,678,2468,700,animals
c5cf729862e948468d64a5421f6f34ad.JPG,2945,1209,2988,1234,animals
c5cf729862e948468d64a5421f6f34ad.JPG,2163,1182,2205,1209,animals
c5cf729862e948468d64a5421f6f34ad.JPG,2370,1116,2415,1137,animals
c5cf729862e948468d64a5421f6f34ad.JPG,2361,785,2412,814,animals
c5cf729862e948468d64a5421f6f34ad.JPG,3126,1122,3174,1150,animals
c5cf729862e948468d64a5421f6f34ad.JPG,2512,1095,2561,1129,animals
c5cf729862e948468d64a5421f6f34ad.JPG,2460,824,2489,851,animals
c5cf729862e948468d64a5421f6f34ad.JPG,3054,1175,3088,1209,animals
c5cf729862e948468d64a5421f6f34ad.JPG,2589,1137,2621,1180,animals
c5cf729862e948468d64a5421f6f34ad.JPG,1743,653,1802,674,animals
c5cf729862e948468d64a5421f6f34ad.JPG,1277,623,1335,649,animals
c5cf729862e948468d64a5421f6f34ad.JPG,800,887,847,903,animals
c5cf729862e948468d64a5421f6f34ad.JPG,1234,611,1266,632,animals
c5cf729862e948468d64a5421f6f34ad.JPG,1728,1305,1760,1334,animals
c5cf729862e948468d64a5421f6f34ad.JPG,1225,559,1261,586,animals
c5cf729862e948468d64a5421f6f34ad.JPG,1580,1074,1612,1106,animals
c5cf729862e948468d64a5421f6f34ad.JPG,1723,858,1765,887,animals
c5cf729862e948468d64a5421f6f34ad.JPG,1345,655,1378,692,animals
c5cf729862e948468d64a5421f6f34ad.JPG,1133,935,1160,957,animals
c5cf729862e948468d64a5421f6f34ad.JPG,1921,1261,1948,1289,animals
c5cf729862e948468d64a5421f6f34ad.JPG,1293,541,1332,575,animals
c5cf729862e948468d64a5421f6f34ad.JPG,1782,1026,1810,1058,animals
c5cf729862e948468d64a5421f6f34ad.JPG,1709,947,1751,967,animals
c5cf729862e948468d64a5421f6f34ad.JPG,1806,489,1841,508,animals
c5cf729862e948468d64a5421f6f34ad.JPG,1255,652,1287,681,animals
c5cf729862e948468d64a5421f6f34ad.JPG,1913,1407,1951,1432,animals
c5cf729862e948468d64a5421f6f34ad.JPG,1354,557,1394,580,animals
c5cf729862e948468d64a5421f6f34ad.JPG,1599,1190,1623,1223,animals
311086f94c6b4e599aeca560cba7ba36.JPG,2527,1773,2613,1820,animals
311086f94c6b4e599aeca560cba7ba36.JPG,2566,2662,2620,2683,animals
311086f94c6b4e599aeca560cba7ba36.JPG,2278,1798,2379,1834,animals
311086f94c6b4e599aeca560cba7ba36.JPG,1838,2163,1883,2202,animals
311086f94c6b4e599aeca560cba7ba36.JPG,2606,1302,2686,1350,animals
4efc1808ee2f4fcc8ed0bdc22ad1d6db.JPG,2366,2706,2410,2752,animals
4efc1808ee2f4fcc8ed0bdc22ad1d6db.JPG,2458,2500,2490,2542,animals
4efc1808ee2f4fcc8ed0bdc22ad1d6db.JPG,3233,2586,3258,2618,animals
4efc1808ee2f4fcc8ed0bdc22ad1d6db.JPG,3510,2916,3550,2960,animals
4efc1808ee2f4fcc8ed0bdc22ad1d6db.JPG,2434,1847,2465,1895,animals
4efc1808ee2f4fcc8ed0bdc22ad1d6db.JPG,3104,2912,3150,2961,animals
4efc1808ee2f4fcc8ed0bdc22ad1d6db.JPG,2409,2834,2434,2868,animals
4efc1808ee2f4fcc8ed0bdc22ad1d6db.JPG,2528,2533,2555,2574,animals
4efc1808ee2f4fcc8ed0bdc22ad1d6db.JPG,3284,2414,3317,2447,animals
4efc1808ee2f4fcc8ed0bdc22ad1d6db.JPG,2095,2192,2133,2239,animals
4efc1808ee2f4fcc8ed0bdc22ad1d6db.JPG,3292,2884,3324,2922,animals
4efc1808ee2f4fcc8ed0bdc22ad1d6db.JPG,2442,2955,2476,2984,animals
4efc1808ee2f4fcc8ed0bdc22ad1d6db.JPG,2348,2570,2401,2606,animals
4efc1808ee2f4fcc8ed0bdc22ad1d6db.JPG,2402,2423,2430,2470,animals
4efc1808ee2f4fcc8ed0bdc22ad1d6db.JPG,2477,2175,2502,2223,animals
4efc1808ee2f4fcc8ed0bdc22ad1d6db.JPG,3555,2817,3579,2850,animals
30c2016fce11465394550dfa49d0dc3b.JPG,3374,2140,3416,2169,animals
30c2016fce11465394550dfa49d0dc3b.JPG,2960,1730,3003,1760,animals
30c2016fce11465394550dfa49d0dc3b.JPG,2963,1754,3019,1787,animals
30c2016fce11465394550dfa49d0dc3b.JPG,2721,2552,2795,2695,animals
30c2016fce11465394550dfa49d0dc3b.JPG,2995,439,3038,476,animals
30c2016fce11465394550dfa49d0dc3b.JPG,3401,413,3443,444,animals
07e22c499633478fbd26d99211794315.JPG,1467,807,1516,839,animals
07e22c499633478fbd26d99211794315.JPG,1119,720,1207,761,animals
fc9e42e2ce4e4f08a81b351695e8d2e4.JPG,2961,2053,3010,2074,animals
fc9e42e2ce4e4f08a81b351695e8d2e4.JPG,2758,1359,2789,1398,animals
7e99ad654b324a64bc4b8d58477ae97f.JPG,2749,2125,2775,2165,animals
7e99ad654b324a64bc4b8d58477ae97f.JPG,3401,2622,3428,2673,animals
c2dc04c35a764f46aa88bc6cbfad92c5.JPG,89,2503,131,2550,animals
c2dc04c35a764f46aa88bc6cbfad92c5.JPG,342,2237,361,2288,animals
c2dc04c35a764f46aa88bc6cbfad92c5.JPG,458,1643,482,1687,animals
c2dc04c35a764f46aa88bc6cbfad92c5.JPG,0,2478,38,2518,animals
c2dc04c35a764f46aa88bc6cbfad92c5.JPG,264,2375,287,2420,animals
c2dc04c35a764f46aa88bc6cbfad92c5.JPG,483,1669,510,1703,animals
c2dc04c35a764f46aa88bc6cbfad92c5.JPG,144,2578,173,2622,animals
c2dc04c35a764f46aa88bc6cbfad92c5.JPG,163,2484,207,2526,animals
0d1ba3c424ad4414ac37dbd0c93460ea.JPG,3552,1587,3611,1627,animals
0d1ba3c424ad4414ac37dbd0c93460ea.JPG,3131,2390,3161,2428,animals
0d1ba3c424ad4414ac37dbd0c93460ea.JPG,1847,2307,1917,2367,animals
0d1ba3c424ad4414ac37dbd0c93460ea.JPG,1850,2669,1920,2727,animals
0d1ba3c424ad4414ac37dbd0c93460ea.JPG,2276,1400,2345,1450,animals
18c3f7ef05c74a849d2262786d71819e.JPG,3549,2703,3618,2741,animals
22480cc4afdf457b8628c6f4cfc3988e.JPG,3893,203,3954,270,animals
fd8fee30131945c78012a1da840e8fb8.JPG,686,1807,763,1856,animals
5d79155bfd8d4553aca16b1cadddd847.JPG,3071,2126,3098,2145,animals
5d79155bfd8d4553aca16b1cadddd847.JPG,3061,2126,3081,2139,animals
5d79155bfd8d4553aca16b1cadddd847.JPG,3730,993,3758,1023,animals
5d79155bfd8d4553aca16b1cadddd847.JPG,3083,673,3125,707,animals
5d79155bfd8d4553aca16b1cadddd847.JPG,3124,760,3169,791,animals
5d79155bfd8d4553aca16b1cadddd847.JPG,3343,795,3373,846,animals
5d79155bfd8d4553aca16b1cadddd847.JPG,2846,682,2885,715,animals
5d79155bfd8d4553aca16b1cadddd847.JPG,3168,718,3207,759,animals
599a631639684d7f8645155be1a771a4.JPG,3104,680,3129,725,animals
32c2e52474f14b6384d33baa9c8108dc.JPG,1077,2756,1111,2785,animals
70bf813d17de497185b4fa6480eea58b.JPG,1728,210,1804,268,animals
875488ddffd04bd1a33699f9be1cd178.JPG,3420,928,3496,974,animals
875488ddffd04bd1a33699f9be1cd178.JPG,2321,721,2364,738,animals
875488ddffd04bd1a33699f9be1cd178.JPG,3562,1122,3591,1158,animals
db83d1bbf4204195bb9fdf4e67be0b04.JPG,3269,2340,3295,2384,animals
3e0a2210696f49a5bb142cca1dc4b020.JPG,312,2374,348,2398,animals
0e56156017894d80807e8e9945da786b.JPG,3448,405,3552,461,animals
d01171c678f8489cb7d02904c4691e8c.JPG,2321,1082,2363,1109,animals
d01171c678f8489cb7d02904c4691e8c.JPG,3013,882,3035,912,animals
d01171c678f8489cb7d02904c4691e8c.JPG,2211,1192,2262,1219,animals
d01171c678f8489cb7d02904c4691e8c.JPG,2438,1065,2472,1082,animals
d01171c678f8489cb7d02904c4691e8c.JPG,3132,861,3158,875,animals
d01171c678f8489cb7d02904c4691e8c.JPG,1255,524,1298,546,animals
d01171c678f8489cb7d02904c4691e8c.JPG,1112,562,1142,588,animals
625ace720c604d689223b33c63d589ce.JPG,1077,1597,1097,1644,animals
625ace720c604d689223b33c63d589ce.JPG,3556,871,3604,902,animals
625ace720c604d689223b33c63d589ce.JPG,3199,991,3242,1026,animals
625ace720c604d689223b33c63d589ce.JPG,2035,426,2066,476,animals
625ace720c604d689223b33c63d589ce.JPG,3773,1216,3821,1252,animals
625ace720c604d689223b33c63d589ce.JPG,3731,801,3777,841,animals
625ace720c604d689223b33c63d589ce.JPG,3296,971,3339,998,animals
625ace720c604d689223b33c63d589ce.JPG,3001,872,3036,902,animals
625ace720c604d689223b33c63d589ce.JPG,2111,676,2161,714,animals
625ace720c604d689223b33c63d589ce.JPG,2246,641,2287,672,animals
625ace720c604d689223b33c63d589ce.JPG,3771,714,3809,740,animals
625ace720c604d689223b33c63d589ce.JPG,3097,963,3140,1001,animals
625ace720c604d689223b33c63d589ce.JPG,2373,649,2396,682,animals
625ace720c604d689223b33c63d589ce.JPG,3804,849,3844,889,animals
625ace720c604d689223b33c63d589ce.JPG,1886,449,1921,484,animals
ca7929ea4de94596a7daf787cae8c5ea.JPG,2469,957,2538,974,animals
823d6d022abe4d71aecadeff8563cc32.JPG,549,800,566,825,animals
823d6d022abe4d71aecadeff8563cc32.JPG,23,480,55,503,animals
0969496122904214b1c11511e52bef0b.JPG,168,2031,202,2063,animals
0969496122904214b1c11511e52bef0b.JPG,237,2185,272,2215,animals
0969496122904214b1c11511e52bef0b.JPG,374,1897,404,1937,animals
0969496122904214b1c11511e52bef0b.JPG,247,1891,284,1926,animals
0969496122904214b1c11511e52bef0b.JPG,330,2080,368,2113,animals
0969496122904214b1c11511e52bef0b.JPG,183,1877,221,1913,animals
0969496122904214b1c11511e52bef0b.JPG,244,2276,284,2318,animals
0969496122904214b1c11511e52bef0b.JPG,250,2014,281,2051,animals
0969496122904214b1c11511e52bef0b.JPG,1034,1002,1102,1054,animals
0969496122904214b1c11511e52bef0b.JPG,1821,339,1898,407,animals
80c4db91e192406292cca2cbc1a0c893.JPG,1480,1956,1537,1980,animals
80c4db91e192406292cca2cbc1a0c893.JPG,1561,1969,1616,1994,animals
26469a516beb4456a7cc2abea9389362.JPG,1420,687,1460,733,animals
3591323cafdf4e948512ee7acea31803.JPG,2121,553,2145,570,animals
157be583b73a491587f4a7da2db8069a.JPG,748,385,821,428,animals
157be583b73a491587f4a7da2db8069a.JPG,1651,24,1716,65,animals
1f9ec161cae54d4db969d93fc9f1e978.JPG,2160,2266,2205,2330,animals
6d94c3a696d443ed902efc8df47854cc.JPG,3892,725,3943,748,animals
6d94c3a696d443ed902efc8df47854cc.JPG,3700,562,3737,582,animals
6d94c3a696d443ed902efc8df47854cc.JPG,3724,617,3761,637,animals
6d94c3a696d443ed902efc8df47854cc.JPG,3682,721,3714,739,animals
6d94c3a696d443ed902efc8df47854cc.JPG,3925,574,3958,591,animals
6d94c3a696d443ed902efc8df47854cc.JPG,3651,673,3693,691,animals
6d94c3a696d443ed902efc8df47854cc.JPG,3738,574,3772,587,animals
6d94c3a696d443ed902efc8df47854cc.JPG,3704,744,3746,765,animals
6d94c3a696d443ed902efc8df47854cc.JPG,3695,647,3737,664,animals
200af29c92b8493eaf43908431302ee6.JPG,2852,1545,2898,1599,animals
200af29c92b8493eaf43908431302ee6.JPG,2206,2952,2237,2994,animals
200af29c92b8493eaf43908431302ee6.JPG,2236,1664,2275,1702,animals
200af29c92b8493eaf43908431302ee6.JPG,2204,1652,2244,1690,animals
200af29c92b8493eaf43908431302ee6.JPG,1785,2944,1840,2996,animals
200af29c92b8493eaf43908431302ee6.JPG,1286,2162,1337,2212,animals
200af29c92b8493eaf43908431302ee6.JPG,2478,790,2501,826,animals
200af29c92b8493eaf43908431302ee6.JPG,2385,983,2416,1018,animals
200af29c92b8493eaf43908431302ee6.JPG,3606,1094,3660,1136,animals
200af29c92b8493eaf43908431302ee6.JPG,2612,883,2658,923,animals
200af29c92b8493eaf43908431302ee6.JPG,3798,514,3827,559,animals
200af29c92b8493eaf43908431302ee6.JPG,3838,846,3868,893,animals
200af29c92b8493eaf43908431302ee6.JPG,2571,688,2608,738,animals
200af29c92b8493eaf43908431302ee6.JPG,2322,1107,2347,1142,animals
200af29c92b8493eaf43908431302ee6.JPG,3806,1457,3830,1499,animals
200af29c92b8493eaf43908431302ee6.JPG,2280,1402,2313,1442,animals
200af29c92b8493eaf43908431302ee6.JPG,2522,858,2567,898,animals
200af29c92b8493eaf43908431302ee6.JPG,3722,790,3753,838,animals
200af29c92b8493eaf43908431302ee6.JPG,2419,1180,2438,1216,animals
200af29c92b8493eaf43908431302ee6.JPG,2448,876,2497,915,animals
200af29c92b8493eaf43908431302ee6.JPG,3035,490,3065,539,animals
f1d3547998ec4e38a4693d48b4c35429.JPG,2167,2373,2181,2406,animals
f1d3547998ec4e38a4693d48b4c35429.JPG,2577,2381,2591,2424,animals
f1d3547998ec4e38a4693d48b4c35429.JPG,3799,2049,3825,2080,animals
f1d3547998ec4e38a4693d48b4c35429.JPG,2312,2157,2330,2196,animals
0078d29a8d0b489caa3425969c7477ac.JPG,3592,2387,3630,2436,animals
0078d29a8d0b489caa3425969c7477ac.JPG,3532,2395,3572,2435,animals
0078d29a8d0b489caa3425969c7477ac.JPG,3538,2724,3592,2762,animals
0078d29a8d0b489caa3425969c7477ac.JPG,3664,2363,3701,2412,animals
0078d29a8d0b489caa3425969c7477ac.JPG,614,1661,684,1691,animals
0078d29a8d0b489caa3425969c7477ac.JPG,541,1724,605,1758,animals
1a569ffd00014461923c1abba6a63004.JPG,2313,2852,2338,2878,animals
1a569ffd00014461923c1abba6a63004.JPG,0,1928,23,1939,animals
1a569ffd00014461923c1abba6a63004.JPG,141,1839,200,1860,animals
1a569ffd00014461923c1abba6a63004.JPG,149,1935,200,1948,animals
45745f67cf1747e796c4a20e9086d370.JPG,441,2842,479,2884,animals
1986f902797f46c2be2dd086b6f24833.JPG,293,2712,330,2758,animals
91efb6b71bfa40969d839040f45d8c6f.JPG,127,2954,231,2999,animals
91efb6b71bfa40969d839040f45d8c6f.JPG,3923,455,3995,503,animals
aa43899b78904b3eb765a50f4758203b.JPG,2613,859,2699,918,animals
6d5494a9b9cf48a3bbec575550c9e0cd.JPG,950,9,971,32,animals
6d5494a9b9cf48a3bbec575550c9e0cd.JPG,1218,382,1266,427,animals
6d5494a9b9cf48a3bbec575550c9e0cd.JPG,1152,278,1189,313,animals
6d5494a9b9cf48a3bbec575550c9e0cd.JPG,813,263,853,293,animals
4dbf4f87c8014672981963bcb8ffd657.JPG,2261,2099,2293,2129,animals
4dbf4f87c8014672981963bcb8ffd657.JPG,2454,1721,2479,1763,animals
4dbf4f87c8014672981963bcb8ffd657.JPG,1868,1845,1893,1863,animals
9a82d3c157824a51ab7e62769ac3613f.JPG,385,1099,425,1137,animals
9a82d3c157824a51ab7e62769ac3613f.JPG,28,1228,57,1249,animals
9a82d3c157824a51ab7e62769ac3613f.JPG,207,1110,246,1138,animals
9a82d3c157824a51ab7e62769ac3613f.JPG,885,1188,929,1229,animals
9a82d3c157824a51ab7e62769ac3613f.JPG,471,1111,522,1148,animals
9a82d3c157824a51ab7e62769ac3613f.JPG,189,1074,236,1101,animals
739a780e8da34fc5b0862cce39bb3028.JPG,2550,2443,2583,2474,animals
739a780e8da34fc5b0862cce39bb3028.JPG,2708,2836,2769,2884,animals
e514c9aae0584ac59f73abaf21fa48ff.JPG,3448,2413,3498,2443,animals
fb0ec3a872214600bf0987b5657b362c.JPG,3970,1282,3983,1310,animals
fb0ec3a872214600bf0987b5657b362c.JPG,3601,926,3628,944,animals
fb0ec3a872214600bf0987b5657b362c.JPG,3682,1067,3711,1085,animals
fb0ec3a872214600bf0987b5657b362c.JPG,3947,1264,3967,1283,animals
671184344681422a9a54b003314bb2fd.JPG,3018,2002,3060,2039,animals
671184344681422a9a54b003314bb2fd.JPG,2357,2060,2381,2078,animals
671184344681422a9a54b003314bb2fd.JPG,2899,1594,2972,1622,animals
671184344681422a9a54b003314bb2fd.JPG,3887,1884,3952,1917,animals
671184344681422a9a54b003314bb2fd.JPG,2398,1725,2432,1751,animals
671184344681422a9a54b003314bb2fd.JPG,3438,2146,3493,2176,animals
671184344681422a9a54b003314bb2fd.JPG,2479,1601,2531,1628,animals
671184344681422a9a54b003314bb2fd.JPG,2987,2297,3043,2324,animals
671184344681422a9a54b003314bb2fd.JPG,3058,2033,3089,2068,animals
671184344681422a9a54b003314bb2fd.JPG,2935,1831,2982,1862,animals
671184344681422a9a54b003314bb2fd.JPG,3632,1566,3683,1592,animals
671184344681422a9a54b003314bb2fd.JPG,3435,1847,3491,1874,animals
671184344681422a9a54b003314bb2fd.JPG,2375,1680,2426,1706,animals
671184344681422a9a54b003314bb2fd.JPG,3240,2225,3284,2261,animals
671184344681422a9a54b003314bb2fd.JPG,2359,1637,2397,1673,animals
671184344681422a9a54b003314bb2fd.JPG,2826,2103,2875,2141,animals
671184344681422a9a54b003314bb2fd.JPG,2909,1926,2970,1953,animals
671184344681422a9a54b003314bb2fd.JPG,2039,2085,2077,2100,animals
671184344681422a9a54b003314bb2fd.JPG,2499,1720,2531,1749,animals
671184344681422a9a54b003314bb2fd.JPG,3713,1948,3766,1968,animals
671184344681422a9a54b003314bb2fd.JPG,2426,1700,2481,1719,animals
671184344681422a9a54b003314bb2fd.JPG,3256,2398,3312,2427,animals
671184344681422a9a54b003314bb2fd.JPG,2423,1607,2469,1650,animals
671184344681422a9a54b003314bb2fd.JPG,2881,2222,2917,2260,animals
671184344681422a9a54b003314bb2fd.JPG,2280,442,2336,455,animals
671184344681422a9a54b003314bb2fd.JPG,2534,1074,2579,1106,animals
671184344681422a9a54b003314bb2fd.JPG,3677,1420,3727,1455,animals
671184344681422a9a54b003314bb2fd.JPG,2189,696,2235,714,animals
671184344681422a9a54b003314bb2fd.JPG,2928,1400,2965,1424,animals
671184344681422a9a54b003314bb2fd.JPG,2483,993,2536,1014,animals
671184344681422a9a54b003314bb2fd.JPG,1830,469,1879,490,animals
671184344681422a9a54b003314bb2fd.JPG,1770,495,1815,516,animals
665534b6f09b42e78e91f079802b1243.JPG,2991,2281,3049,2347,animals
665534b6f09b42e78e91f079802b1243.JPG,3310,577,3347,599,animals
665534b6f09b42e78e91f079802b1243.JPG,3158,530,3179,557,animals
665534b6f09b42e78e91f079802b1243.JPG,3551,656,3569,682,animals
665534b6f09b42e78e91f079802b1243.JPG,3361,584,3385,605,animals
665534b6f09b42e78e91f079802b1243.JPG,2000,251,2025,277,animals
665534b6f09b42e78e91f079802b1243.JPG,3667,1259,3688,1278,animals
665534b6f09b42e78e91f079802b1243.JPG,2034,189,2064,209,animals
665534b6f09b42e78e91f079802b1243.JPG,3226,529,3251,544,animals
665534b6f09b42e78e91f079802b1243.JPG,2914,625,2942,643,animals
665534b6f09b42e78e91f079802b1243.JPG,3587,781,3607,806,animals
665534b6f09b42e78e91f079802b1243.JPG,3384,488,3408,509,animals
665534b6f09b42e78e91f079802b1243.JPG,2128,367,2159,390,animals
665534b6f09b42e78e91f079802b1243.JPG,3468,788,3501,813,animals
665534b6f09b42e78e91f079802b1243.JPG,3219,609,3246,621,animals
665534b6f09b42e78e91f079802b1243.JPG,3479,593,3502,604,animals
b351efccdcb84be29f2fce9b860b7c6d.JPG,930,1900,1011,1935,animals
b351efccdcb84be29f2fce9b860b7c6d.JPG,1087,1609,1128,1640,animals
b351efccdcb84be29f2fce9b860b7c6d.JPG,530,2392,594,2417,animals
b351efccdcb84be29f2fce9b860b7c6d.JPG,748,1552,825,1593,animals
b351efccdcb84be29f2fce9b860b7c6d.JPG,514,1963,537,1984,animals
b351efccdcb84be29f2fce9b860b7c6d.JPG,716,1406,791,1456,animals
108b410fa6eb4a09a61bc5a850159e2d.JPG,3707,665,3727,699,animals
108b410fa6eb4a09a61bc5a850159e2d.JPG,3667,729,3698,763,animals
b061410c9a444b7dbd04e526585e6a15.JPG,1219,1556,1256,1588,animals
b061410c9a444b7dbd04e526585e6a15.JPG,1284,1600,1316,1642,animals
ccd9b4b967744c0295c45eeeaa305398.JPG,3788,1695,3804,1730,animals
3e38307e093347789bcb7a9442ea31d6.JPG,1369,2236,1426,2299,animals
3e38307e093347789bcb7a9442ea31d6.JPG,1392,2198,1435,2246,animals
3e38307e093347789bcb7a9442ea31d6.JPG,737,89,782,135,animals
3e38307e093347789bcb7a9442ea31d6.JPG,129,1326,214,1385,animals
f186a3c3325c4382b3f325aafd786af4.JPG,176,2915,231,2953,animals
f186a3c3325c4382b3f325aafd786af4.JPG,362,2765,415,2783,animals
f186a3c3325c4382b3f325aafd786af4.JPG,370,2691,425,2723,animals
f186a3c3325c4382b3f325aafd786af4.JPG,313,2890,345,2921,animals
f186a3c3325c4382b3f325aafd786af4.JPG,468,628,502,666,animals
f186a3c3325c4382b3f325aafd786af4.JPG,146,1194,184,1231,animals
59f7ad031f904c25b19bbf20a75f284d.JPG,254,2336,309,2359,animals
9026cd4da8d34998b04edaeb2c0b20ba.JPG,3398,2339,3468,2385,animals
9026cd4da8d34998b04edaeb2c0b20ba.JPG,2867,1269,2926,1299,animals
e117eb89ac1a4a9f96158d551ad31931.JPG,3382,1534,3446,1576,animals
95735a1c75124bd69276a621013c6e37.JPG,2627,257,2670,284,animals
95735a1c75124bd69276a621013c6e37.JPG,2237,47,2272,77,animals
95735a1c75124bd69276a621013c6e37.JPG,2625,139,2659,164,animals
95735a1c75124bd69276a621013c6e37.JPG,2275,147,2309,177,animals
95735a1c75124bd69276a621013c6e37.JPG,3605,228,3658,270,animals
7e0b3e87666345f4a7b6ce04d5a6ceb0.JPG,1354,323,1405,350,animals
756e53fc3fa14aa69a7776e1a89ff97c.JPG,2614,1615,2658,1663,animals
212d8cdfc23f40cea38e3315ab3d561e.JPG,1206,1570,1238,1592,animals
a51ab2009bb04547bb7edaea577e18e7.JPG,3031,2431,3076,2486,animals
7c171772455d483095844ad59aeeae91.JPG,2048,984,2089,1013,animals
10b3a453241a4d7fa254c2d7c13b48fa.JPG,2219,2253,2256,2310,animals
b1a920d36a5d4336825b8c9a4be15c03.JPG,3305,2176,3360,2239,animals
b1a920d36a5d4336825b8c9a4be15c03.JPG,3525,2066,3582,2106,animals
b1a920d36a5d4336825b8c9a4be15c03.JPG,3571,2084,3623,2120,animals
